{
  "$schema": "https://schema.management.azure.com/schemas/2015-01-01/deploymentTemplate.json#",
  "contentVersion": "1.0.0.0",
  "parameters": {
    "newStorageAccountName": {
      "type": "string",
      "metadata": {
        "description": "This is the name of the your storage account"
      }
    },
    "dnsNameForPublicIP": {
      "type": "string",
      "metadata": {
        "description": "Unique DNS Name for the Storage Account where the Virtual Machine's disks will be placed."
      }
    },
    "adminUsername": {
      "type": "string",
      "defaultValue": "itcampadmin",
      "metadata": {
        "description": "Username for the Virtual Machine."
      }
    },
    "adminPassword": {
      "type": "securestring",
      "metadata": {
        "description": "Password for the Virtual Machine."
      }
    },
    "vmSize": {
            "type": "string",
            "metadata": {
                "description": "Virtual Machine Size"
            },
            "defaultValue": "Standard_DS2",
            "allowedValues": [
                "Standard_DS1",
                "Standard_DS2",
                "Standard_DS3",
                "Standard_DS4"
            ]
     },
    "location": {
      "type": "string",
      "defaultValue": "West US",
      "allowedValues": [
        "West US",
        "East US 2"
      ],
      "metadata": {
        "description": "Restrict choices to data centers that provide premium storage"
      }
    },
    "sizeOfEachDataDiskInGB": {
      "type": "string",
      "defaultValue": "128",
      "allowedValues": [
        "128",
        "512",
        "1023"
      ],
      "metadata": {
        "description": "There will be 4 data disks created of this size and then striped. The total capacity will be 4x whatever you specify here"
      }
    },
    "modulesUrl": {
      "type": "string",
      "defaultValue": "https://github.com/AZITCAMP/Labfiles/blob/master/lab02/ConfigureVM.ps1.zip?raw=true",
      "metadata": {
        "description": "URL for the DSC configuration module. NOTE: Can be a Github url(raw) to the zip file"
      }
    }
  },
  "variables": {
    "addressPrefix": "10.0.0.0/16",
    "subnet1Name": "Subnet-1",
    "subnet1Prefix": "10.0.0.0/24",
    "vmStorageAccountContainerName": "vhds",
    "imagePublisher": "MicrosoftWindowsServer",
    "imageOffer": "WindowsServer",
    "imageSKU": "2012-R2-Datacenter",
    "imageVersion": "latest",
    "publicIPAddressName": "myPublicIP",
    "publicIPAddressType": "Dynamic",
    "storageAccountType": "Premium_LRS",
    "virtualNetworkName": "VNET1",
    "vmName": "PRM-DS2-VM",
    "vnetID": "[resourceId('Microsoft.Network/virtualNetworks',variables('virtualNetworkName'))]",
    "nicName": "VMNic",
    "subnet1Ref": "[concat(variables('vnetID'),'/subnets/',variables('subnet1Name'))]",
    "configurationFunction": "ConfigureVM.ps1\\ConfigureVM",
    "DscExtensionName": "DscExtension",
    "dataDisk1VhdName": "[concat('http://',parameters('newStorageAccountName'),'.blob.core.windows.net/',variables('vmStorageAccountContainerName'),'/',variables('vmName'),'dataDisk1.vhd')]",
    "dataDisk2VhdName": "[concat('http://',parameters('newStorageAccountName'),'.blob.core.windows.net/',variables('vmStorageAccountContainerName'),'/',variables('vmName'),'dataDisk2.vhd')]",
    "dataDisk3VhdName": "[concat('http://',parameters('newStorageAccountName'),'.blob.core.windows.net/',variables('vmStorageAccountContainerName'),'/',variables('vmName'),'dataDisk3.vhd')]",
    "dataDisk4VhdName": "[concat('http://',parameters('newStorageAccountName'),'.blob.core.windows.net/',variables('vmStorageAccountContainerName'),'/',variables('vmName'),'dataDisk4.vhd')]"
  },
  "resources": [
    {
      "type": "Microsoft.Storage/storageAccounts",
      "name": "[parameters('newStorageAccountName')]",
      "apiVersion": "2015-05-01-preview",
      "location": "[parameters('location')]",
      "properties": {
        "accountType": "[variables('storageAccountType')]"
      }
    },
    {
      "apiVersion": "2015-05-01-preview",
      "type": "Microsoft.Network/publicIPAddresses",
      "name": "[variables('publicIPAddressName')]",
      "location": "[parameters('location')]",
      "properties": {
        "publicIPAllocationMethod": "[variables('publicIPAddressType')]",
        "dnsSettings": {
          "domainNameLabel": "[parameters('dnsNameForPublicIP')]"
        }
      }
    },
    {
      "apiVersion": "2015-05-01-preview",
      "type": "Microsoft.Network/virtualNetworks",
      "name": "[variables('virtualNetworkName')]",
      "location": "[parameters('location')]",
      "properties": {
        "addressSpace": {
          "addressPrefixes": [
            "[variables('addressPrefix')]"
          ]
        },
        "subnets": [
          {
            "name": "[variables('subnet1Name')]",
            "properties": {
              "addressPrefix": "[variables('subnet1Prefix')]"
            }
          }
        ]
      }
    },
    {
      "apiVersion": "2015-05-01-preview",
      "type": "Microsoft.Network/networkInterfaces",
      "name": "[variables('nicName')]",
      "location": "[parameters('location')]",
      "dependsOn": [
        "[concat('Microsoft.Network/publicIPAddresses/', variables('publicIPAddressName'))]",
        "[concat('Microsoft.Network/virtualNetworks/', variables('virtualNetworkName'))]"
      ],
      "properties": {
        "ipConfigurations": [
          {
            "name": "ipconfig1",
            "properties": {
              "privateIPAllocationMethod": "Dynamic",
              "publicIPAddress": {
                "id": "[resourceId('Microsoft.Network/publicIPAddresses',variables('publicIPAddressName'))]"
              },
              "subnet": {
                "id": "[variables('subnet1Ref')]"
              }
            }
          }
        ]
      }
    },
    {
      "apiVersion": "2015-06-15",
      "type": "Microsoft.Compute/virtualMachines",
      "name": "[variables('vmName')]",
      "location": "[parameters('location')]",
      "dependsOn": [
        "[concat('Microsoft.Storage/storageAccounts/', parameters('newStorageAccountName'))]",
        "[concat('Microsoft.Network/networkInterfaces/', variables('nicName'))]"
      ],
      "properties": {
        "hardwareProfile": {
          "vmSize": "[parameters('vmSize')]"
        },
        "osProfile": {
          "computername": "[variables('vmName')]",
          "adminUsername": "[parameters('adminUsername')]",
          "adminPassword": "[parameters('adminPassword')]"
        },
        "storageProfile": {
          "imageReference": {
            "publisher": "[variables('imagePublisher')]",
            "offer": "[variables('imageOffer')]",
            "sku": "[variables('imageSKU')]",
            "version": "[variables('imageVersion')]"
          },
          "dataDisks": [
            {
               "name": "datadisk1",
              "diskSizeGB": "[parameters('sizeOfEachDataDiskInGB')]",
              "lun": 0,
              "caching": "ReadOnly",
              "vhd": {
                "Uri": "[variables('dataDisk1VhdName')]"
              },
              "createOption": "Empty"
            },
            {
              "name": "datadisk2",
              "diskSizeGB": "[parameters('sizeOfEachDataDiskInGB')]",
              "lun": 1,
              "caching": "ReadOnly",
              "vhd": {
                "Uri": "[variables('dataDisk2VhdName')]"
              },
              "createOption": "Empty"
            },
            {
              "name": "datadisk3",
              "diskSizeGB": "[parameters('sizeOfEachDataDiskInGB')]",
              "lun": 2,
              "caching": "ReadOnly",
              "vhd": {
                "Uri": "[variables('dataDisk3VhdName')]"
              },
              "createOption": "Empty"
            },
            {
              "name": "datadisk4",
              "diskSizeGB": "[parameters('sizeOfEachDataDiskInGB')]",
              "lun": 3,
              "caching": "ReadOnly",
              "vhd": {
                "Uri": "[variables('dataDisk4VhdName')]"
              },
              "createOption": "Empty"
            }
          ],
          "osDisk": {
            "caching": "ReadWrite",
            "name": "osdisk1",
            "vhd": {
              "uri": "[concat('http://',parameters('newStorageAccountName'),'.blob.core.windows.net/',variables('vmStorageAccountContainerName'),'/','osdisk1.vhd')]"
            },
            "createOption": "FromImage"
          }
        },
        "networkProfile": {
          "networkInterfaces": [
            {
              "id": "[resourceId('Microsoft.Network/networkInterfaces',variables('nicName'))]"
            }
          ]
        }
      }
     },
      {
      "type": "Microsoft.Compute/virtualMachines/extensions",
      "name": "[concat(variables('vmName'),'/', variables('DscExtensionName'))]",
      "apiVersion": "2015-05-01-preview",
      "location": "[parameters('location')]",
      "dependsOn": [
        "[concat('Microsoft.Compute/virtualMachines/', variables('vmName'))]"
      ],
      "properties": {
        "publisher": "Microsoft.Powershell",
        "type": "DSC",
        "typeHandlerVersion": "2.8",
        "settings": {
          "ModulesUrl": "[parameters('modulesUrl')]",
          "SasToken": "",
          "ConfigurationFunction": "[variables('configurationFunction')]",
          "Properties": {
            "MachineName": "[variables('vmName')]"
          }
        },
        "protectedSettings": null
      }
    }
  ]
}

